,Id,0
0,1461,118482.8509940395
1,1462,120079.82344885198
2,1463,120590.9547717405
3,1464,120590.9547717405
4,1465,119904.05175037707
5,1466,119626.7715683671
6,1467,120160.02295655993
7,1468,119084.02907715923
8,1469,120079.82344885198
9,1470,118646.76277226894
10,1471,119653.2289397003
11,1472,117616.43514528695
12,1473,117758.04396355592
13,1474,119475.58403770438
14,1475,118412.26630611627
15,1476,122203.24088256004
16,1477,122001.22427444962
17,1478,122445.23841592672
18,1479,122908.73504598589
19,1480,124691.83692015738
20,1481,122203.24088256004
21,1482,120079.82344885198
22,1483,120079.82344885198
23,1484,119793.4310369556
24,1485,118772.40123617093
25,1486,120180.63049625409
26,1487,122203.24088256004
27,1488,122001.22427444962
28,1489,119719.16486934072
29,1490,119948.01302672885
30,1491,120180.63049625409
31,1492,118818.79085021107
32,1493,120024.53094711728
33,1494,120457.26981730561
34,1495,120332.05801418239
35,1496,120961.35152478736
36,1497,120180.63049625409
37,1498,118596.62953769602
38,1499,118596.62953769602
39,1500,118596.62953769602
40,1501,119132.71787755049
41,1502,118043.51961214395
42,1503,121640.90763307006
43,1504,120648.77187698946
44,1505,121575.67263923907
45,1506,123145.13660425559
46,1507,120642.15669834196
47,1508,121033.06104700005
48,1509,120194.15433824604
49,1510,119719.16486934072
50,1511,119719.16486934072
51,1512,121575.67263923907
52,1513,120194.15433824604
53,1514,121533.72167007228
54,1515,119956.52671508554
55,1516,119862.40461477122
56,1517,119522.05876685616
57,1518,122495.27796526623
58,1519,119948.01302672885
59,1520,119793.4310369556
60,1521,119719.16486934072
61,1522,120024.53094711728
62,1523,119326.2601640579
63,1524,118960.39966848002
64,1525,118880.4076868516
65,1526,119111.10442161262
66,1527,118656.48688286923
67,1528,118968.87513045614
68,1529,120160.02295655993
69,1530,119769.72476469241
70,1531,120194.15433824604
71,1532,117987.69402115325
72,1533,120079.82344885198
73,1534,119150.48846558298
74,1535,120648.77187698946
75,1536,119618.6298463183
76,1537,118249.96233877448
77,1538,120096.90108092387
78,1539,120082.68706476978
79,1540,119257.6653952863
80,1541,119313.28007036258
81,1542,120648.77187698946
82,1543,120570.89685933222
83,1544,117802.76704512168
84,1545,118500.05845823388
85,1546,118988.18449824117
86,1547,119651.41184703817
87,1548,118934.70520351274
88,1549,118230.71293125929
89,1550,120096.90108092387
90,1551,119466.8753049306
91,1552,120251.21518417732
92,1553,118460.12528444285
93,1554,118772.40123617093
94,1555,120653.05948527856
95,1556,118596.62953769602
96,1557,119060.0400073662
97,1558,117858.40737822931
98,1559,119359.25777779656
99,1560,120356.45830558783
100,1561,122073.83848553641
101,1562,118248.35452788686
102,1563,118412.26630611627
103,1564,120079.82344885198
104,1565,118772.40123617093
105,1566,119948.01302672885
106,1567,117802.76704512168
107,1568,120862.93394203843
108,1569,120648.77187698946
109,1570,118798.0957011382
110,1571,119700.10064742938
111,1572,120160.02295655993
112,1573,121575.67263923907
113,1574,119894.93656781563
114,1575,119798.68915308239
115,1576,120590.9547717405
116,1577,119719.16486934072
117,1578,119313.28007036258
118,1579,118822.59058160271
119,1580,120251.21518417732
120,1581,119252.71323988157
121,1582,118646.76277226894
122,1583,123498.81331179783
123,1584,120356.73479428324
124,1585,118412.26630611627
125,1586,117213.92825275072
126,1587,118656.48688286923
127,1588,119719.16486934072
128,1589,118500.05845823388
129,1590,119252.71323988157
130,1591,118205.17260468696
131,1592,119567.70552262307
132,1593,118412.26630611627
133,1594,119071.96269498658
134,1595,119416.31862372786
135,1596,122008.41150942742
136,1597,120356.73479428324
137,1598,119854.41475068283
138,1599,119252.71323988157
139,1600,120160.02295655993
140,1601,116135.66114110782
141,1602,118500.05845823388
142,1603,118425.79014810822
143,1604,122495.27796526623
144,1605,120648.77187698946
145,1606,119719.16486934072
146,1607,123464.61114335904
147,1608,120079.82344885198
148,1609,119719.16486934072
149,1610,118921.72510981743
150,1611,119177.77175909914
151,1612,119798.68915308239
152,1613,120079.82344885198
153,1614,118822.59058160271
154,1615,117395.81637080983
155,1616,117395.81637080983
156,1617,118230.71293125929
157,1618,118412.26630611627
158,1619,118412.26630611627
159,1620,120741.02396429384
160,1621,118596.62953769602
161,1622,119475.58403770438
162,1623,122495.27796526623
163,1624,121190.16498723104
164,1625,118646.76277226894
165,1626,119798.68915308239
166,1627,120590.9547717405
167,1628,120356.73479428324
168,1629,120194.15433824604
169,1630,123278.20808419249
170,1631,119948.01302672885
171,1632,122495.27796526623
172,1633,118772.40123617093
173,1634,120808.4333552742
174,1635,119132.71787755049
175,1636,120160.02295655993
176,1637,120862.93394203843
177,1638,120066.64272301497
178,1639,120653.05948527856
179,1640,119685.15444498612
180,1641,120248.56379779175
181,1642,120590.9547717405
182,1643,120648.77187698946
183,1644,120648.77187698946
184,1645,122495.27796526623
185,1646,119736.22083190519
186,1647,120160.02295655993
187,1648,120160.02295655993
188,1649,119252.71323988157
189,1650,118412.26630611627
190,1651,118412.26630611627
191,1652,117616.43514528695
192,1653,117616.43514528695
193,1654,119504.96347031061
194,1655,119252.71323988157
195,1656,119475.58403770438
196,1657,119504.96347031061
197,1658,119475.58403770438
198,1659,118412.26630611627
199,1660,119229.74519545461
200,1661,122360.33529480375
201,1662,120642.15669834196
202,1663,123563.57438309549
203,1664,123816.73670396487
204,1665,122368.61823052175
205,1666,122368.61823052175
206,1667,121777.68924734951
207,1668,122368.61823052175
208,1669,121575.67263923907
209,1670,122368.61823052175
210,1671,122368.61823052175
211,1672,123617.44113439621
212,1673,120640.48894127141
213,1674,122495.27796526623
214,1675,120079.82344885198
215,1676,120079.82344885198
216,1677,120079.82344885198
217,1678,123617.44113439621
218,1679,123278.20808419249
219,1680,123145.13660425559
220,1681,119948.01302672885
221,1682,122372.29144729044
222,1683,119422.5066776224
223,1684,118921.72510981743
224,1685,119132.71787755049
225,1686,119719.16486934072
226,1687,118772.40123617093
227,1688,120415.12696240675
228,1689,119686.57680543745
229,1690,119504.96347031061
230,1691,118772.40123617093
231,1692,120415.12696240675
232,1693,118772.40123617093
233,1694,119686.57680543745
234,1695,118772.40123617093
235,1696,120457.26981730561
236,1697,118772.40123617093
237,1698,120361.02240257237
238,1699,123271.53730038927
239,1700,120330.81556156249
240,1701,120457.26981730561
241,1702,122445.23841592672
242,1703,122495.27796526623
243,1704,122445.23841592672
244,1705,119798.68915308239
245,1706,123617.44113439621
246,1707,119798.68915308239
247,1708,119769.72476469241
248,1709,122001.22427444962
249,1710,119998.42506042056
250,1711,120590.9547717405
251,1712,123145.13660425559
252,1713,122495.27796526623
253,1714,122001.22427444962
254,1715,119999.01716112725
255,1716,119719.16486934072
256,1717,119793.4310369556
257,1718,119325.12639611046
258,1719,120180.63049625409
259,1720,121575.67263923907
260,1721,119736.22083190519
261,1722,118901.32427145576
262,1723,119736.22083190519
263,1724,119948.01302672885
264,1725,120298.91768903431
265,1726,120180.63049625409
266,1727,120079.82344885198
267,1728,119132.71787755049
268,1729,118772.40123617093
269,1730,120194.15433824604
270,1731,119111.10442161262
271,1732,118412.26630611627
272,1733,118412.26630611627
273,1734,119111.10442161262
274,1735,118822.59058160271
275,1736,118822.59058160271
276,1737,123563.57438309549
277,1738,120648.77187698946
278,1739,120332.05801418239
279,1740,122368.61823052175
280,1741,119449.1440291985
281,1742,119132.71787755049
282,1743,118921.72510981743
283,1744,122445.23841592672
284,1745,122368.61823052175
285,1746,119258.67763909684
286,1747,119489.39990117475
287,1748,119858.0596018151
288,1749,120079.82344885198
289,1750,119719.16486934072
290,1751,119858.0596018151
291,1752,118412.26630611627
292,1753,122001.22427444962
293,1754,120872.20867180408
294,1755,119894.93656781563
295,1756,118482.8509940395
296,1757,118412.26630611627
297,1758,119353.54345757405
298,1759,119977.1915276923
299,1760,120079.82344885198
300,1761,119904.05175037707
301,1762,119754.43017906019
302,1763,120024.53094711728
303,1764,119040.06916513639
304,1765,122495.27796526623
305,1766,119948.01302672885
306,1767,122001.22427444962
307,1768,120063.45187709777
308,1769,120079.82344885198
309,1770,119111.10442161262
310,1771,119719.16486934072
311,1772,119769.72476469241
312,1773,119719.16486934072
313,1774,123145.13660425559
314,1775,119252.71323988157
315,1776,119067.44122811277
316,1777,118020.71134557112
317,1778,119252.71323988157
318,1779,118723.15422035572
319,1780,119342.65950296882
320,1781,119719.16486934072
321,1782,118020.71134557112
322,1783,118772.40123617093
323,1784,118230.71293125929
324,1785,119252.71323988157
325,1786,120642.15669834196
326,1787,120194.15433824604
327,1788,115131.8371190478
328,1789,118249.96233877448
329,1790,117802.76704512168
330,1791,120457.26981730561
331,1792,119769.72476469241
332,1793,119252.71323988157
333,1794,119040.06916513639
334,1795,119635.19013605906
335,1796,119067.44122811277
336,1797,118662.36242557567
337,1798,119252.71323988157
338,1799,117802.76704512168
339,1800,119164.01230757491
340,1801,119475.58403770438
341,1802,119862.40461477122
342,1803,120356.45830558783
343,1804,118822.59058160271
344,1805,119252.71323988157
345,1806,119560.75663021056
346,1807,120648.77187698946
347,1808,118982.34286158926
348,1809,118086.82854936796
349,1810,119524.27283809564
350,1811,119359.25777779656
351,1812,118459.07414212813
352,1813,118934.70520351274
353,1814,118412.26630611627
354,1815,117213.92825275072
355,1816,117858.40737822931
356,1817,119524.27283809564
357,1818,120590.9547717405
358,1819,118596.62953769602
359,1820,117233.45244319818
360,1821,119943.7254184397
361,1822,119132.71787755049
362,1823,117023.51081777985
363,1824,119122.82119549614
364,1825,120194.15433824604
365,1826,118891.61341877903
366,1827,119270.76589989741
367,1828,120314.37966445756
368,1829,119252.71323988157
369,1830,120648.77187698946
370,1831,119753.29625102683
371,1832,119521.83823383381
372,1833,120194.15433824604
373,1834,118772.40123617093
374,1835,119813.87531653998
375,1836,120749.30690001184
376,1837,117413.45796743743
377,1838,118772.40123617093
378,1839,117802.76704512168
379,1840,119168.02245587947
380,1841,120160.02295655993
381,1842,118500.05845823388
382,1843,119252.71323988157
383,1844,118798.0957011382
384,1845,120194.15433824604
385,1846,119793.4310369556
386,1847,119420.98160643864
387,1848,116379.03169230124
388,1849,118588.82723467106
389,1850,119252.71323988157
390,1851,119854.41475068283
391,1852,119252.71323988157
392,1853,119252.71323988157
393,1854,119252.71323988157
394,1855,118898.92591883066
395,1856,120648.77187698946
396,1857,119753.29625102683
397,1858,119930.25798839392
398,1859,119028.52029813227
399,1860,117653.70897322279
400,1861,119028.52029813227
401,1862,121181.88205151304
402,1863,121181.88205151304
403,1864,121181.88205151304
404,1865,122495.27796526623
405,1866,122368.61823052175
406,1867,119948.01302672885
407,1868,123145.13660425559
408,1869,119904.05175037707
409,1870,119719.16486934072
410,1871,121575.67263923907
411,1872,118772.40123617093
412,1873,121324.63983457568
413,1874,119111.10442161262
414,1875,119948.01302672885
415,1876,120590.9547717405
416,1877,119948.01302672885
417,1878,121575.67263923907
418,1879,118822.59058160271
419,1880,118822.59058160271
420,1881,122495.27796526623
421,1882,120356.73479428324
422,1883,120180.63049625409
423,1884,120590.9547717405
424,1885,120159.0057944619
425,1886,122908.73504598589
426,1887,119422.5066776224
427,1888,122495.27796526623
428,1889,118772.40123617093
429,1890,119522.05876685616
430,1891,118798.0957011382
431,1892,118646.76277226894
432,1893,119353.54345757405
433,1894,121660.3814048168
434,1895,120024.53094711728
435,1896,119163.9561967161
436,1897,119150.48846558298
437,1898,118596.62953769602
438,1899,118885.45818769751
439,1900,118596.62953769602
440,1901,119686.57680543745
441,1902,119719.16486934072
442,1903,119858.0596018151
443,1904,119736.22083190519
444,1905,122001.22427444962
445,1906,120154.71818617277
446,1907,120703.47151897027
447,1908,117758.04396355592
448,1909,118596.62953769602
449,1910,118596.62953769602
450,1911,120194.15433824604
451,1912,122373.42444562748
452,1913,119930.25798839392
453,1914,116322.85446022316
454,1915,122495.27796526623
455,1916,118068.34900364764
456,1917,120544.97762661148
457,1918,118822.59058160271
458,1919,119337.43323738388
459,1920,122001.22427444962
460,1921,123570.2451668987
461,1922,122495.27796526623
462,1923,119179.30121701515
463,1924,121790.23150671656
464,1925,120590.9547717405
465,1926,123498.81331179783
466,1927,119111.10442161262
467,1928,119584.83788365607
468,1929,118020.71134557112
469,1930,118798.0957011382
470,1931,118331.52583237278
471,1932,118596.62953769602
472,1933,119789.07553570894
473,1934,120590.9547717405
474,1935,118921.72510981743
475,1936,120590.9547717405
476,1937,120590.9547717405
477,1938,119769.72476469241
478,1939,122495.27796526623
479,1940,119904.05175037707
480,1941,120590.9547717405
481,1942,120180.63049625409
482,1943,120079.82344885198
483,1944,121181.88205151304
484,1945,123145.13660425559
485,1946,121790.23150671656
486,1947,122372.29144729044
487,1948,120961.35152478736
488,1949,122495.27796526623
489,1950,119719.16486934072
490,1951,123278.20808419249
491,1952,122368.61823052175
492,1953,119719.16486934072
493,1954,119753.29625102683
494,1955,118772.40123617093
495,1956,120361.02240257237
496,1957,119948.01302672885
497,1958,120457.26981730561
498,1959,120251.21518417732
499,1960,118822.59058160271
500,1961,118412.26630611627
501,1962,117616.43514528695
502,1963,117616.43514528695
503,1964,118772.40123617093
504,1965,119475.58403770438
505,1966,119252.71323988157
506,1967,122001.22427444962
507,1968,123617.44113439621
508,1969,123498.81331179783
509,1970,122853.09952154937
510,1971,122203.24088256004
511,1972,119984.83992711238
512,1973,120298.91768903431
513,1974,120628.10706438265
514,1975,123617.44113439621
515,1976,122001.22427444962
516,1977,120361.02240257237
517,1978,122076.58114781554
518,1979,123145.13660425559
519,1980,120079.82344885198
520,1981,122516.10228934923
521,1982,120079.82344885198
522,1983,120079.82344885198
523,1984,119626.7715683671
524,1985,119571.83055126885
525,1986,120209.41782815362
526,1987,119449.1440291985
527,1988,119504.96347031061
528,1989,120180.63049625409
529,1990,120180.63049625409
530,1991,120079.82344885198
531,1992,120648.77187698946
532,1993,118772.40123617093
533,1994,120356.73479428324
534,1995,120180.63049625409
535,1996,120898.12790452485
536,1997,121777.68924734951
537,1998,123498.81331179783
538,1999,120356.73479428324
539,2000,120457.26981730561
540,2001,120356.73479428324
541,2002,122001.22427444962
542,2003,121217.94792803639
543,2004,120808.4333552742
544,2005,119948.01302672885
545,2006,120079.82344885198
546,2007,122495.27796526623
547,2008,119719.16486934072
548,2009,120180.63049625409
549,2010,120180.63049625409
550,2011,119325.12639611046
551,2012,120160.02295655993
552,2013,119626.7715683671
553,2014,120334.38648866325
554,2015,120180.63049625409
555,2016,120180.63049625409
556,2017,120180.63049625409
557,2018,119111.10442161262
558,2019,118412.26630611627
559,2020,118482.8509940395
560,2021,118412.26630611627
561,2022,119798.68915308239
562,2023,120648.77187698946
563,2024,119858.0596018151
564,2025,122853.09952154937
565,2026,119719.16486934072
566,2027,118596.62953769602
567,2028,118772.40123617093
568,2029,119132.71787755049
569,2030,122495.27796526623
570,2031,120079.82344885198
571,2032,119798.68915308239
572,2033,122001.22427444962
573,2034,118772.40123617093
574,2035,120180.63049625409
575,2036,120314.37966445756
576,2037,120808.4333552742
577,2038,119685.15444498612
578,2039,119719.16486934072
579,2040,119685.15444498612
580,2041,120936.81363226674
581,2042,120808.4333552742
582,2043,119798.68915308239
583,2044,122368.61823052175
584,2045,122495.27796526623
585,2046,122495.27796526623
586,2047,118921.72510981743
587,2048,118822.59058160271
588,2049,122368.61823052175
589,2050,120180.63049625409
590,2051,118656.48688286923
591,2052,119736.22083190519
592,2053,119736.22083190519
593,2054,117385.73841052594
594,2055,120209.41782815362
595,2056,118898.92591883066
596,2057,119252.71323988157
597,2058,120761.90324619235
598,2059,120160.02295655993
599,2060,119664.21430573773
600,2061,120209.41782815362
601,2062,119635.19013605906
602,2063,118249.96233877448
603,2064,120160.02295655993
604,2065,118880.4076868516
605,2066,119977.1915276923
606,2067,119522.57398894892
607,2068,123145.13660425559
608,2069,118249.96233877448
609,2070,118596.62953769602
610,2071,117213.92825275072
611,2072,119295.72635232512
612,2073,119194.89613463268
613,2074,120079.82344885198
614,2075,119252.71323988157
615,2076,118646.76277226894
616,2077,119719.16486934072
617,2078,119252.71323988157
618,2079,119326.2601640579
619,2080,119053.28731636371
620,2081,119150.48846558298
621,2082,121681.20572889977
622,2083,119862.40461477122
623,2084,118412.26630611627
624,2085,119736.22083190519
625,2086,119067.44122811277
626,2087,119502.08797339167
627,2088,118772.40123617093
628,2089,117213.92825275072
629,2090,118921.72510981743
630,2091,118851.68024498802
631,2092,120356.45830558783
632,2093,120590.9547717405
633,2094,118359.99957418321
634,2095,119480.01615646704
635,2096,118086.05056054505
636,2097,117395.81637080983
637,2098,120096.90108092387
638,2099,115734.85004909073
639,2100,118193.6237376828
640,2101,120180.63049625409
641,2102,118921.72510981743
642,2103,118089.10411299033
643,2104,119605.77802290446
644,2105,118608.63580390268
645,2106,118230.71293125929
646,2107,120642.15669834196
647,2108,119111.10442161262
648,2109,119194.89613463268
649,2110,119522.05876685616
650,2111,119753.29625102683
651,2112,120648.77187698946
652,2113,118988.18449824117
653,2114,118596.62953769602
654,2115,120648.77187698946
655,2116,118822.59058160271
656,2117,119686.57680543745
657,2118,119163.9561967161
658,2119,119111.10442161262
659,2120,118596.62953769602
660,2121,118540.66809928844
661,2122,118500.05845823388
662,2123,118068.34900364764
663,2124,120207.91378977022
664,2125,120321.04515897311
665,2126,120356.45830558783
666,2127,120749.30690001184
667,2128,120180.63049625409
668,2129,117965.07101246348
669,2130,119295.02184489228
670,2131,120749.30690001184
671,2132,119560.75663021056
672,2133,119252.71323988157
673,2134,118758.93350503781
674,2135,117802.76704512168
675,2136,118147.4463011398
676,2137,119252.71323988157
677,2138,119252.71323988157
678,2139,119252.71323988157
679,2140,119111.10442161262
680,2141,118798.0957011382
681,2142,119252.71323988157
682,2143,119522.05876685616
683,2144,120248.33875813412
684,2145,119040.06916513639
685,2146,119618.6298463183
686,2147,119977.1915276923
687,2148,119163.9561967161
688,2149,118588.09411545005
689,2150,121575.67263923907
690,2151,118230.71293125929
691,2152,121166.32771400014
692,2153,121575.67263923907
693,2154,117577.36974566685
694,2155,118596.62953769602
695,2156,120356.73479428324
696,2157,122495.27796526623
697,2158,120092.56195573576
698,2159,119753.29625102683
699,2160,118772.40123617093
700,2161,122495.27796526623
701,2162,123278.20808419249
702,2163,122368.61823052175
703,2164,120209.41782815362
704,2165,120518.58463793392
705,2166,119111.10442161262
706,2167,119798.68915308239
707,2168,120180.63049625409
708,2169,119789.07553570894
709,2170,120590.9547717405
710,2171,119326.31627491675
711,2172,119252.71323988157
712,2173,119190.82426547406
713,2174,120457.26981730561
714,2175,120934.19378104818
715,2176,122368.61823052175
716,2177,120570.89685933222
717,2178,120099.89002251059
718,2179,118412.26630611627
719,2180,123145.13660425559
720,2181,119948.01302672885
721,2182,122001.22427444962
722,2183,120079.82344885198
723,2184,119252.71323988157
724,2185,118798.0957011382
725,2186,119736.22083190519
726,2187,119522.05876685616
727,2188,118772.40123617093
728,2189,119411.10671547269
729,2190,118329.11574712548
730,2191,118329.11574712548
731,2192,117130.17445201405
732,2193,117395.81637080983
733,2194,118232.54466766334
734,2195,118822.59058160271
735,2196,118723.15422035572
736,2197,119560.81274106941
737,2198,119664.21430573773
738,2199,120808.4333552742
739,2200,118772.40123617093
740,2201,118596.62953769602
741,2202,119295.02184489228
742,2203,120180.63049625409
743,2204,120150.09668452133
744,2205,119736.58443954433
745,2206,119252.71323988157
746,2207,120194.15433824604
747,2208,119651.70386851655
748,2209,123145.13660425559
749,2210,117758.04396355592
750,2211,118822.59058160271
751,2212,118230.71293125929
752,2213,117924.03694458838
753,2214,120194.15433824604
754,2215,118425.79014810822
755,2216,121190.16498723104
756,2217,117802.76704512168
757,2218,119163.9561967161
758,2219,118230.71293125929
759,2220,117385.73841052594
760,2221,122495.27796526623
761,2222,122495.27796526623
762,2223,123428.89075124382
763,2224,120590.9547717405
764,2225,120194.15433824604
765,2226,122495.27796526623
766,2227,120024.53094711728
767,2228,121575.67263923907
768,2229,120590.9547717405
769,2230,118772.40123617093
770,2231,119789.07553570894
771,2232,121575.67263923907
772,2233,119719.16486934072
773,2234,119798.68915308239
774,2235,122495.27796526623
775,2236,123145.13660425559
776,2237,123498.81331179783
777,2238,120079.82344885198
778,2239,118417.81667943214
779,2240,120160.02295655993
780,2241,119719.16486934072
781,2242,119252.71323988157
782,2243,119489.10787969633
783,2244,117616.43514528695
784,2245,117616.43514528695
785,2246,119832.79191136733
786,2247,117395.81637080983
787,2248,118230.65297098944
788,2249,118412.26630611627
789,2250,118248.35452788686
790,2251,120194.15433824604
791,2252,122001.22427444962
792,2253,118772.40123617093
793,2254,120194.15433824604
794,2255,120590.9547717405
795,2256,119132.71787755049
796,2257,120582.67183602252
797,2258,120160.02295655993
798,2259,120590.9547717405
799,2260,120248.33875813412
800,2261,120160.02295655993
801,2262,120079.82344885198
802,2263,120911.86121137087
803,2264,124691.83692015738
804,2265,119235.95256469904
805,2266,122495.27796526623
806,2267,123278.20808419249
807,2268,122368.61823052175
808,2269,119904.05175037707
809,2270,118921.72510981743
810,2271,122069.72633005568
811,2272,120356.45830558783
812,2273,120160.02295655993
813,2274,119894.93656781563
814,2275,121695.85819667306
815,2276,119894.93656781563
816,2277,120648.77187698946
817,2278,119065.00409024721
818,2279,118822.59058160271
819,2280,118822.59058160271
820,2281,120079.82344885198
821,2282,119653.2289397003
822,2283,117758.04396355592
823,2284,118596.62953769602
824,2285,119252.71323988157
825,2286,119111.10442161262
826,2287,122368.61823052175
827,2288,122445.23841592672
828,2289,123278.20808419249
829,2290,123206.7762290916
830,2291,120570.89685933222
831,2292,123180.85699637086
832,2293,123617.44113439621
833,2294,122153.20133322054
834,2295,123617.44113439621
835,2296,122203.24088256004
836,2297,120298.91768903431
837,2298,122665.46152833369
838,2299,122080.25436458425
839,2300,120642.15669834196
840,2301,120251.21518417732
841,2302,122495.27796526623
842,2303,122368.61823052175
843,2304,120934.19378104818
844,2305,120079.82344885198
845,2306,120079.82344885198
846,2307,120079.82344885198
847,2308,122001.22427444962
848,2309,122001.22427444962
849,2310,120079.82344885198
850,2311,119422.5066776224
851,2312,119447.45092126814
852,2313,119295.02184489228
853,2314,118921.72510981743
854,2315,119132.71787755049
855,2316,119626.7715683671
856,2317,120079.82344885198
857,2318,119132.71787755049
858,2319,118921.72510981743
859,2320,119719.16486934072
860,2321,119782.82331900191
861,2322,119719.16486934072
862,2323,119229.74519545461
863,2324,118772.40123617093
864,2325,121575.67263923907
865,2326,118772.40123617093
866,2327,120180.63049625409
867,2328,120180.63049625409
868,2329,120590.9547717405
869,2330,120590.9547717405
870,2331,122076.58114781554
871,2332,119984.83992711238
872,2333,120411.43443626405
873,2334,120356.73479428324
874,2335,120469.86616348613
875,2336,120642.15669834196
876,2337,120079.82344885198
877,2338,122001.22427444962
878,2339,121575.67263923907
879,2340,123498.81331179783
880,2341,121859.42678622725
881,2342,122001.22427444962
882,2343,121575.67263923907
883,2344,120648.77187698946
884,2345,120934.19378104818
885,2346,120079.82344885198
886,2347,120079.82344885198
887,2348,120251.21518417732
888,2349,119285.14695392633
889,2350,120808.4333552742
890,2351,122001.22427444962
891,2352,122495.27796526623
892,2353,120898.12790452485
893,2354,118530.94804863504
894,2355,118958.53447650615
895,2356,119365.84460908447
896,2357,120159.0057944619
897,2358,120356.45830558783
898,2359,118596.62953769602
899,2360,118482.8509940395
900,2361,119252.71323988157
901,2362,120457.26981730561
902,2363,119252.71323988157
903,2364,119252.71323988157
904,2365,119769.72476469241
905,2366,119890.00211641775
906,2367,121575.67263923907
907,2368,120079.82344885198
908,2369,122001.22427444962
909,2370,119132.71787755049
910,2371,119132.71787755049
911,2372,120079.82344885198
912,2373,120330.81556156249
913,2374,120457.26981730561
914,2375,121575.67263923907
915,2376,123206.7762290916
916,2377,123617.44113439621
917,2378,119560.81274106941
918,2379,119605.77802290446
919,2380,119252.71323988157
920,2381,120079.82344885198
921,2382,120191.35359274133
922,2383,122001.22427444962
923,2384,120628.10706438265
924,2385,119252.71323988157
925,2386,119252.71323988157
926,2387,119464.24166160726
927,2388,118723.15422035572
928,2389,119194.89613463268
929,2390,119326.31627491675
930,2391,119040.06916513639
931,2392,118482.8509940395
932,2393,119719.16486934072
933,2394,119252.71323988157
934,2395,119916.73414640198
935,2396,119257.60683846347
936,2397,122495.27796526623
937,2398,118588.09411545005
938,2399,116379.03169230124
939,2400,115906.36272459786
940,2401,118230.65297098944
941,2402,119522.05876685616
942,2403,122001.22427444962
943,2404,118885.45818769751
944,2405,119719.16486934072
945,2406,118822.59058160271
946,2407,119111.10442161262
947,2408,119252.71323988157
948,2409,119793.4310369556
949,2410,120703.47151897027
950,2411,118822.59058160271
951,2412,119664.21430573773
952,2413,119719.16486934072
953,2414,119326.31627491675
954,2415,122001.22427444962
955,2416,118822.59058160271
956,2417,119252.71323988157
957,2418,118822.59058160271
958,2419,120696.11129641438
959,2420,118822.59058160271
960,2421,120090.3228968952
961,2422,118822.59058160271
962,2423,119262.00452047441
963,2424,120749.30690001184
964,2425,119641.82897755061
965,2426,119984.19514722614
966,2427,118297.82131710103
967,2428,120194.15433824604
968,2429,118482.8509940395
969,2430,119040.06916513639
970,2431,118885.45818769751
971,2432,119252.71323988157
972,2433,120160.02295655993
973,2434,119719.16486934072
974,2435,119769.72476469241
975,2436,118425.79014810822
976,2437,118412.26630611627
977,2438,118822.59058160271
978,2439,118588.09411545005
979,2440,119326.2601640579
980,2441,119111.10442161262
981,2442,118880.4076868516
982,2443,118960.39966848002
983,2444,118596.62953769602
984,2445,118500.05845823388
985,2446,120648.77187698946
986,2447,120194.15433824604
987,2448,120194.15433824604
988,2449,118596.62953769602
989,2450,120590.9547717405
990,2451,118772.40123617093
991,2452,119651.70386851655
992,2453,118425.79014810822
993,2454,118588.82723467106
994,2455,118798.0957011382
995,2456,119736.58443954433
996,2457,118596.62953769602
997,2458,118596.62953769602
998,2459,118566.02229852542
999,2460,119326.2601640579
1000,2461,119000.04441848666
1001,2462,119794.40154479326
1002,2463,119164.01230757491
1003,2464,120469.86616348613
1004,2465,118934.70520351274
1005,2466,119339.78400604984
1006,2467,118772.40123617093
1007,2468,119164.01230757491
1008,2469,119618.6298463183
1009,2470,119411.10671547269
1010,2471,120648.77187698946
1011,2472,120628.10706438265
1012,2473,119326.2601640579
1013,2474,119686.57680543745
1014,2475,119915.87670706403
1015,2476,118596.62953769602
1016,2477,119053.28731636371
1017,2478,119948.01302672885
1018,2479,119111.10442161262
1019,2480,119111.10442161262
1020,2481,119252.71323988157
1021,2482,118412.26630611627
1022,2483,118482.8509940395
1023,2484,118822.59058160271
1024,2485,118822.59058160271
1025,2486,119584.83788365607
1026,2487,119411.10671547269
1027,2488,118772.40123617093
1028,2489,119353.54345757405
1029,2490,120160.02295655993
1030,2491,118656.48688286923
1031,2492,120024.53094711728
1032,2493,118898.92591883066
1033,2494,119977.1915276923
1034,2495,118723.15422035572
1035,2496,120695.18858325227
1036,2497,120648.77187698946
1037,2498,118412.26630611627
1038,2499,118425.79014810822
1039,2500,119252.71323988157
1040,2501,120079.82344885198
1041,2502,119943.7254184397
1042,2503,119954.06302307801
1043,2504,120761.90324619235
1044,2505,120356.45830558783
1045,2506,122495.27796526623
1046,2507,123278.20808419249
1047,2508,122495.27796526623
1048,2509,122001.22427444962
1049,2510,120961.35152478736
1050,2511,119719.16486934072
1051,2512,120415.12696240675
1052,2513,120590.9547717405
1053,2514,118339.99737261307
1054,2515,119111.10442161262
1055,2516,118772.40123617093
1056,2517,119111.10442161262
1057,2518,119365.84460908447
1058,2519,120648.77187698946
1059,2520,120180.63049625409
1060,2521,120180.63049625409
1061,2522,120648.77187698946
1062,2523,118248.35452788686
1063,2524,119252.71323988157
1064,2525,119111.10442161262
1065,2526,119252.71323988157
1066,2527,118822.59058160271
1067,2528,118412.26630611627
1068,2529,118412.26630611627
1069,2530,118249.96233877448
1070,2531,122495.27796526623
1071,2532,120648.77187698946
1072,2533,120180.63049625409
1073,2534,122001.22427444962
1074,2535,122203.24088256004
1075,2536,119915.60021836867
1076,2537,120079.82344885198
1077,2538,118921.72510981743
1078,2539,120160.02295655993
1079,2540,120079.82344885198
1080,2541,119132.71787755049
1081,2542,119295.02184489228
1082,2543,118822.59058160271
1083,2544,119252.71323988157
1084,2545,119396.84485198112
1085,2546,120160.02295655993
1086,2547,119412.37471816636
1087,2548,119930.25798839392
1088,2549,118772.40123617093
1089,2550,118769.51508630751
1090,2551,118798.0957011382
1091,2552,119040.06916513639
1092,2553,118329.11574712548
1093,2554,118884.26830889129
1094,2555,117858.40737822931
1095,2556,117965.07101246348
1096,2557,118412.26630611627
1097,2558,119807.26013789253
1098,2559,119849.10118677407
1099,2560,118772.40123617093
1100,2561,118230.71293125929
1101,2562,119163.9561967161
1102,2563,118921.72510981743
1103,2564,120180.63049625409
1104,2565,118723.15422035572
1105,2566,120150.09668452133
1106,2567,118772.40123617093
1107,2568,122001.22427444962
1108,2569,120961.35152478736
1109,2570,118043.51961214395
1110,2571,122495.27796526623
1111,2572,119111.10442161262
1112,2573,122445.23841592672
1113,2574,119258.67763909684
1114,2575,118596.62953769602
1115,2576,119756.05821129106
1116,2577,120356.45830558783
1117,2578,118230.65297098944
1118,2579,117858.40737822931
1119,2580,119973.53679482474
1120,2581,119252.71323988157
1121,2582,118818.79085021107
1122,2583,122495.27796526623
1123,2584,119353.54345757405
1124,2585,119719.3127310007
1125,2586,119422.5066776224
1126,2587,119948.01302672885
1127,2588,118588.09411545005
1128,2589,119252.71323988157
1129,2590,121575.67263923907
1130,2591,119258.67763909684
1131,2592,122445.23841592672
1132,2593,122001.22427444962
1133,2594,119719.16486934072
1134,2595,119894.93656781563
1135,2596,123145.13660425559
1136,2597,120961.35152478736
1137,2598,120854.65100632045
1138,2599,123145.13660425559
1139,2600,119522.57398894892
1140,2601,117185.39642652347
1141,2602,118230.71293125929
1142,2603,117901.910793875
1143,2604,117395.81637080983
1144,2605,118230.71293125929
1145,2606,119053.28731636371
1146,2607,119894.93656781563
1147,2608,120518.58463793392
1148,2609,118772.40123617093
1149,2610,117185.81478512169
1150,2611,120703.47151897027
1151,2612,119618.6298463183
1152,2613,118230.65297098944
1153,2614,118248.35452788686
1154,2615,119719.16486934072
1155,2616,119252.71323988157
1156,2617,122495.27796526623
1157,2618,121511.4916616489
1158,2619,123145.13660425559
1159,2620,119504.96347031061
1160,2621,119789.07553570894
1161,2622,120180.63049625409
1162,2623,120356.73479428324
1163,2624,122153.20133322054
1164,2625,123278.20808419249
1165,2626,120160.02295655993
1166,2627,119719.16486934072
1167,2628,120695.18858325227
1168,2629,122061.44339433772
1169,2630,120469.86616348613
1170,2631,122853.09952154937
1171,2632,120615.81216117057
1172,2633,122372.29144729044
1173,2634,123145.13660425559
1174,2635,119252.71323988157
1175,2636,120590.9547717405
1176,2637,119252.71323988157
1177,2638,120516.39627256799
1178,2639,120346.58341462188
1179,2640,119365.84460908447
1180,2641,118412.26630611627
1181,2642,120601.0348834078
1182,2643,117758.04396355592
1183,2644,118772.40123617093
1184,2645,117758.04396355592
1185,2646,117385.73841052594
1186,2647,117758.04396355592
1187,2648,119252.71323988157
1188,2649,118985.62766816551
1189,2650,119252.71323988157
1190,2651,119475.58403770438
1191,2652,122076.58114781554
1192,2653,122495.27796526623
1193,2654,122368.61823052175
1194,2655,123145.13660425559
1195,2656,120356.73479428324
1196,2657,122203.24088256004
1197,2658,120457.26981730561
1198,2659,120356.73479428324
1199,2660,121777.68924734951
1200,2661,122368.61823052175
1201,2662,122368.61823052175
1202,2663,120653.05948527856
1203,2664,122001.22427444962
1204,2665,122495.27796526623
1205,2666,122495.27796526623
1206,2667,118921.72510981743
1207,2668,119132.71787755049
1208,2669,120079.82344885198
1209,2670,120356.73479428324
1210,2671,119132.71787755049
1211,2672,119894.93656781563
1212,2673,120209.41782815362
1213,2674,120209.41782815362
1214,2675,119793.4310369556
1215,2676,120180.63049625409
1216,2677,120648.77187698946
1217,2678,120640.48894127141
1218,2679,120648.77187698946
1219,2680,120457.26981730561
1220,2681,122203.24088256004
1221,2682,120642.15669834196
1222,2683,122360.33529480375
1223,2684,120642.15669834196
1224,2685,120411.43443626405
1225,2686,120761.90324619235
1226,2687,122495.27796526623
1227,2688,121575.67263923907
1228,2689,119719.16486934072
1229,2690,123561.96223118067
1230,2691,120180.63049625409
1231,2692,118958.53447650615
1232,2693,119769.72476469241
1233,2694,118901.32427145576
1234,2695,120251.21518417732
1235,2696,119686.57680543745
1236,2697,120590.9547717405
1237,2698,120180.63049625409
1238,2699,119769.72476469241
1239,2700,119719.16486934072
1240,2701,118772.40123617093
1241,2702,119111.10442161262
1242,2703,119753.29625102683
1243,2704,118885.45818769751
1244,2705,119111.10442161262
1245,2706,118822.59058160271
1246,2707,118822.59058160271
1247,2708,119252.71323988157
1248,2709,117987.69402115325
1249,2710,118822.59058160271
1250,2711,122076.58114781554
1251,2712,120411.43443626405
1252,2713,119793.4310369556
1253,2714,118123.96056999263
1254,2715,119132.71787755049
1255,2716,118043.51961214395
1256,2717,120018.32652891226
1257,2718,122001.22427444962
1258,2719,120160.02295655993
1259,2720,120079.82344885198
1260,2721,119252.71323988157
1261,2722,120334.38648866325
1262,2723,119111.10442161262
1263,2724,118248.35452788686
1264,2725,119252.71323988157
1265,2726,119793.4310369556
1266,2727,120024.53094711728
1267,2728,119483.13783687569
1268,2729,118772.40123617093
1269,2730,119719.16486934072
1270,2731,118230.65297098944
1271,2732,119194.89613463268
1272,2733,119664.21430573773
1273,2734,120653.05948527856
1274,2735,119177.77175909914
1275,2736,120194.15433824604
1276,2737,118822.59058160271
1277,2738,122001.22427444962
1278,2739,119719.16486934072
1279,2740,119111.10442161262
1280,2741,119894.93656781563
1281,2742,119567.70552262307
1282,2743,119353.54345757405
1283,2744,119736.22083190519
1284,2745,119252.71323988157
1285,2746,119111.10442161262
1286,2747,119028.52029813227
1287,2748,119067.44122811277
1288,2749,119111.10442161262
1289,2750,119252.71323988157
1290,2751,118566.02229852542
1291,2752,119919.3744224434
1292,2753,119043.44477341448
1293,2754,123198.8316621108
1294,2755,119162.34838582847
1295,2756,117802.76704512168
1296,2757,117802.76704512168
1297,2758,117330.0980774183
1298,2759,119132.71787755049
1299,2760,120648.77187698946
1300,2761,119522.05876685616
1301,2762,119391.93382414812
1302,2763,120703.47151897027
1303,2764,118817.52753039921
1304,2765,120644.77654956056
1305,2766,120096.90108092387
1306,2767,118798.0957011382
1307,2768,121166.32771400014
1308,2769,120063.45187709777
1309,2770,119252.71323988157
1310,2771,118412.26630611627
1311,2772,118417.81667943214
1312,2773,120194.15433824604
1313,2774,120749.30690001184
1314,2775,120920.14414708882
1315,2776,119502.08797339167
1316,2777,119163.9561967161
1317,2778,117616.43514528695
1318,2779,120590.9547717405
1319,2780,119252.71323988157
1320,2781,118412.26630611627
1321,2782,118249.96233877448
1322,2783,118772.40123617093
1323,2784,119040.06916513639
1324,2785,119504.96347031061
1325,2786,115850.18549251977
1326,2787,119069.74799183947
1327,2788,118412.26630611627
1328,2789,120457.26981730561
1329,2790,117761.73297724656
1330,2791,119040.06916513639
1331,2792,118276.20786116319
1332,2793,120356.45830558783
1333,2794,118596.62953769602
1334,2795,118772.40123617093
1335,2796,118230.65297098944
1336,2797,122203.24088256004
1337,2798,119163.9561967161
1338,2799,118772.40123617093
1339,2800,117415.065778325
1340,2801,119111.10442161262
1341,2802,119502.08797339167
1342,2803,123145.13660425559
1343,2804,119522.57398894892
1344,2805,118798.0957011382
1345,2806,118412.26630611627
1346,2807,119252.71323988157
1347,2808,119252.71323988157
1348,2809,118822.59058160271
1349,2810,119252.71323988157
1350,2811,119813.53817938421
1351,2812,119412.37471816636
1352,2813,123498.81331179783
1353,2814,123498.81331179783
1354,2815,118646.76277226894
1355,2816,123145.13660425559
1356,2817,119111.10442161262
1357,2818,118230.65297098944
1358,2819,120018.32652891226
1359,2820,119353.54345757405
1360,2821,118872.304050994
1361,2822,119753.29625102683
1362,2823,123136.85366853759
1363,2824,121874.5645397051
1364,2825,119028.52029813227
1365,2826,119252.71323988157
1366,2827,120648.77187698946
1367,2828,119858.0596018151
1368,2829,119849.10118677407
1369,2830,120934.19378104818
1370,2831,119719.16486934072
1371,2832,123145.13660425559
1372,2833,122001.22427444962
1373,2834,120590.9547717405
1374,2835,122495.27796526623
1375,2836,119789.07553570894
1376,2837,119769.72476469241
1377,2838,119365.84460908447
1378,2839,119295.02184489228
1379,2840,119798.68915308239
1380,2841,120180.63049625409
1381,2842,120808.4333552742
1382,2843,118772.40123617093
1383,2844,119177.77175909914
1384,2845,118412.26630611627
1385,2846,120180.63049625409
1386,2847,120180.63049625409
1387,2848,120079.82344885198
1388,2849,120415.12696240675
1389,2850,120356.73479428324
1390,2851,120330.81556156249
1391,2852,120648.77187698946
1392,2853,120590.9547717405
1393,2854,118412.26630611627
1394,2855,119769.72476469241
1395,2856,120180.63049625409
1396,2857,119789.07553570894
1397,2858,120079.82344885198
1398,2859,118772.40123617093
1399,2860,118276.20786116319
1400,2861,120160.02295655993
1401,2862,119999.01716112725
1402,2863,117987.69402115325
1403,2864,120898.12790452485
1404,2865,118798.0957011382
1405,2866,120648.77187698946
1406,2867,117858.40737822931
1407,2868,119326.2601640579
1408,2869,120648.77187698946
1409,2870,119431.80654742738
1410,2871,118667.19141294221
1411,2872,115850.18549251977
1412,2873,119164.01230757491
1413,2874,120154.71818617277
1414,2875,119144.64682893106
1415,2876,118921.72510981743
1416,2877,119132.71787755049
1417,2878,120180.63049625409
1418,2879,119943.7254184397
1419,2880,119150.48846558298
1420,2881,119862.40461477122
1421,2882,120590.9547717405
1422,2883,120648.77187698946
1423,2884,120194.15433824604
1424,2885,120194.15433824604
1425,2886,120457.26981730561
1426,2887,119111.10442161262
1427,2888,119150.48846558298
1428,2889,116379.03169230124
1429,2890,117213.92825275072
1430,2891,120648.77187698946
1431,2892,116967.87048467222
1432,2893,118504.88744560041
1433,2894,117023.51081777985
1434,2895,122495.27796526623
1435,2896,122495.27796526623
1436,2897,122495.27796526623
1437,2898,122495.27796526623
1438,2899,120961.35152478736
1439,2900,119391.93382414812
1440,2901,122495.27796526623
1441,2902,119769.72476469241
1442,2903,122368.61823052175
1443,2904,123145.13660425559
1444,2905,119522.57398894892
1445,2906,120079.82344885198
1446,2907,118772.40123617093
1447,2908,118412.26630611627
1448,2909,122495.27796526623
1449,2910,116122.1048179522
1450,2911,118230.71293125929
1451,2912,119466.67482677694
1452,2913,118230.71293125929
1453,2914,117395.81637080983
1454,2915,117395.81637080983
1455,2916,118230.71293125929
1456,2917,119719.16486934072
1457,2918,117987.69402115325
1458,2919,120648.77187698946
